No,Snc̃R[h,s{,s撬,N,j,,l
1,401307,,s,2020/1/27,,39,
2,401307,,s,2020/1/28,,46,
3,401307,,s,2020/1/29,,98,
4,401307,,s,2020/1/30,,106,
5,401307,,s,2020/1/31,,130,
6,401307,,s,2020/2/1,y,21,
7,401307,,s,2020/2/2,,26,
8,401307,,s,2020/2/3,,108,
9,401307,,s,2020/2/4,,69,
10,401307,,s,2020/2/5,,64,
11,401307,,s,2020/2/6,,64,
12,401307,,s,2020/2/7,,54,
13,401307,,s,2020/2/8,y,8,
14,401307,,s,2020/2/9,,3,
15,401307,,s,2020/2/10,,45,
16,401307,,s,2020/2/11,,8,
17,401307,,s,2020/2/12,,40,
18,401307,,s,2020/2/13,,43,
19,401307,,s,2020/2/14,,102,
20,401307,,s,2020/2/15,y,34,
21,401307,,s,2020/2/16,,22,
22,401307,,s,2020/2/17,,137,
23,401307,,s,2020/2/18,,112,
24,401307,,s,2020/2/19,,105,
25,401307,,s,2020/2/20,,289,
26,401307,,s,2020/2/21,,268,
27,401307,,s,2020/2/22,y,155,
28,401307,,s,2020/2/23,,108,
29,401307,,s,2020/2/24,,149,
30,401307,,s,2020/2/25,,379,
31,401307,,s,2020/2/26,,340,
32,401307,,s,2020/2/27,,347,
33,401307,,s,2020/2/28,,296,
34,401307,,s,2020/2/29,y,80,
35,401307,,s,2020/3/1,,39,
36,401307,,s,2020/3/2,,371,
37,401307,,s,2020/3/3,,218,
38,401307,,s,2020/3/4,,209,
39,401307,,s,2020/3/5,,230,
40,401307,,s,2020/3/6,,218,
41,401307,,s,2020/3/7,y,59,
42,401307,,s,2020/3/8,,29,
43,401307,,s,2020/3/9,,301,
44,401307,,s,2020/3/10,,205,
